<?xml version="1.0" encoding="utf-8"?>
<!DOCTYPE hibernate-mapping PUBLIC "-//Hibernate/Hibernate Mapping DTD 3.0//EN"
"http://hibernate.sourceforge.net/hibernate-mapping-3.0.dtd">
<hibernate-mapping>
  <class name="com.ehl.addressbook.domain.User" table="user" catalog="struts2">
    <id name="id">
      <column name="id"/>
      <generator class="native"/>
    </id>
    <property name="name" length="40">   
      <column name="name"/>
    </property>
    <property name="sex">   
      <column name="sex"/>
    </property>
    <property name="email" length="40">   
      <column name="email"/>
    </property>
    <property name="birthday" type="timestamp">   
      <column name="birthday"/>
    </property>

  </class>
</hibernate-mapping>
