<?xml version="1.0" encoding="UTF-8"?>
<!DOCTYPE hibernate-configuration PUBLIC
	"-//Hibernate/Hibernate Configuration DTD 3.0//EN"
	"http://www.hibernate.org/dtd/hibernate-configuration-3.0.dtd">
<hibernate-configuration>
<session-factory>
	<property name="myeclipse.connection.profile">localhost</property>
	<property name="connection.url">
		jdbc:oracle:thin:@172.16.1.201:1521:atms
	</property>
	<property name="connection.username">atms48</property>
	<property name="connection.password">ehl1234</property>
	<property name="connection.driver_class">
		oracle.jdbc.driver.OracleDriver
	</property>
	<property name="dialect">
		org.hibernate.dialect.MySQLDialect
	</property>
	<mapping resource="com/ehl/addressbook/domain/User.hbm.xml" />

</session-factory>
</hibernate-configuration>